nsteps,relative_error
100,10.185756
500,6.947132
1000,5.829536
5000,3.770096
10000,3.067374
